{
  "model": "ridge",
  "feature_key": "enc-last-ln",
  "subject": "sub-01",
  "n_timepoints": 11287,
  "n_features": 9216,
  "n_parcels": 1000,
  "n_folds": 5,
  "mean_r": 0.09513410665662354,
  "median_r": 0.058074649423360825,
  "max_r": 0.4676167070865631,
  "pct_positive": 97.0
}