{
  "model": "ridge",
  "feature_key": "v-jepa2-vitl-enc-last-ln",
  "subject": "sub-03",
  "n_timepoints": 1183,
  "n_features": 9216,
  "n_parcels": 1000,
  "n_folds": 5,
  "mean_r": 0.0675196895516856,
  "median_r": 0.05404399894177914,
  "max_r": 0.44513362646102905,
  "pct_positive": 79.2
}