{
  "model": "ridge",
  "feature_key": "enc-last-ln",
  "subject": "sub-05",
  "n_timepoints": 11287,
  "n_features": 9216,
  "n_parcels": 1000,
  "n_folds": 5,
  "mean_r": 0.07294720659672749,
  "median_r": 0.0482119657099247,
  "max_r": 0.3777983486652374,
  "pct_positive": 94.8
}