{
  "model": "ridge",
  "feature_key": "enc-10layer-fc2",
  "subject": "sub-05",
  "n_timepoints": 11287,
  "n_features": 9216,
  "n_parcels": 1000,
  "n_folds": 5,
  "mean_r": 0.05626973300901227,
  "median_r": 0.03345032408833504,
  "max_r": 0.354199081659317,
  "pct_positive": 90.3
}