{
  "model": "ridge",
  "feature_key": "enc-18layer-norm2",
  "subject": "sub-01",
  "n_timepoints": 11287,
  "n_features": 9216,
  "n_parcels": 1000,
  "n_folds": 5,
  "mean_r": 0.09537954603262733,
  "median_r": 0.05625474266707897,
  "max_r": 0.474917471408844,
  "pct_positive": 94.39999999999999
}