{
  "model": "ridge",
  "feature_key": "enc-18layer-norm2",
  "subject": "sub-05",
  "n_timepoints": 11287,
  "n_features": 9216,
  "n_parcels": 1000,
  "n_folds": 5,
  "mean_r": 0.07529219855173142,
  "median_r": 0.04625510983169079,
  "max_r": 0.4121163785457611,
  "pct_positive": 93.10000000000001
}