{
  "model": "ridge",
  "feature_key": "enc-last-ln",
  "subject": "sub-02",
  "n_timepoints": 11287,
  "n_features": 9216,
  "n_parcels": 1000,
  "n_folds": 5,
  "mean_r": 0.07897563840220846,
  "median_r": 0.04365622438490391,
  "max_r": 0.45663201808929443,
  "pct_positive": 95.7
}