{
  "model": "ridge",
  "feature_key": "enc-20layer-fc2",
  "subject": "sub-03",
  "n_timepoints": 11287,
  "n_features": 9216,
  "n_parcels": 1000,
  "n_folds": 5,
  "mean_r": 0.08701384383949334,
  "median_r": 0.05197800137102604,
  "max_r": 0.4815097451210022,
  "pct_positive": 95.8
}