{
  "model": "ridge",
  "feature_key": "enc-20layer-fc2",
  "subject": "sub-02",
  "n_timepoints": 11287,
  "n_features": 9216,
  "n_parcels": 1000,
  "n_folds": 5,
  "mean_r": 0.07168583346898959,
  "median_r": 0.03590082377195358,
  "max_r": 0.43695175647735596,
  "pct_positive": 94.0
}