{
  "model": "ridge",
  "feature_key": "enc-18layer-norm2",
  "subject": "sub-02",
  "n_timepoints": 11287,
  "n_features": 9216,
  "n_parcels": 1000,
  "n_folds": 5,
  "mean_r": 0.07947209349608601,
  "median_r": 0.03963446989655495,
  "max_r": 0.4630209803581238,
  "pct_positive": 94.1
}