{
  "model": "ridge",
  "feature_key": "enc-last-ln",
  "subject": "sub-03",
  "n_timepoints": 11287,
  "n_features": 9216,
  "n_parcels": 1000,
  "n_folds": 5,
  "mean_r": 0.0937516709046322,
  "median_r": 0.05557178519666195,
  "max_r": 0.4835960268974304,
  "pct_positive": 95.39999999999999
}